[
  {
    "proxy": "http://72.10.164.178:11075",
    "tested_at": "2026-02-14T23:07:11Z",
    "ip": "190.43.92.73",
    "success": true,
    "type": "IPv4",
    "continent": "South America",
    "country": "Peru",
    "country_code": "PE",
    "region": "Tacna",
    "region_code": "TAC",
    "city": "Tacna",
    "latitude": -18.0065679,
    "longitude": -70.2462741,
    "is_eu": false,
    "postal": "23001",
    "connection": {
      "asn": 6147,
      "org": "PE TDPERX11 LACNIC",
      "isp": "INTEGRATEL PER S.A.A.",
      "domain": "telefonica.com"
    }
  },
  {
    "proxy": "http://209.14.108.98:999",
    "tested_at": "2026-02-14T23:07:12Z",
    "ip": "181.67.176.38",
    "success": true,
    "type": "IPv4",
    "continent": "South America",
    "country": "Peru",
    "country_code": "PE",
    "region": "Ica",
    "region_code": "ICA",
    "city": "Chincha Alta",
    "latitude": -13.42553,
    "longitude": -76.136711,
    "is_eu": false,
    "postal": "11702",
    "connection": {
      "asn": 6147,
      "org": "INTEGRATEL PER S.A.A.",
      "isp": "INTEGRATEL PER S.A.A.",
      "domain": "telefonica.com.pe"
    }
  },
  {
    "proxy": "http://200.121.48.195:999",
    "tested_at": "2026-02-14T23:07:25Z",
    "ip": "200.121.48.195",
    "success": true,
    "type": "IPv4",
    "continent": "South America",
    "country": "Peru",
    "country_code": "PE",
    "region": "Tacna",
    "region_code": "TAC",
    "city": "Tacna",
    "latitude": -17.9950587,
    "longitude": -70.2478474,
    "is_eu": false,
    "postal": "23001",
    "connection": {
      "asn": 6147,
      "org": "PE TDPERX LACNIC",
      "isp": "INTEGRATEL PER S.A.A.",
      "domain": "tdp.net.pe"
    }
  },
  {
    "proxy": "http://38.172.130.249:999",
    "tested_at": "2026-02-14T23:07:33Z",
    "ip": "38.159.166.157",
    "success": true,
    "type": "IPv4",
    "continent": "South America",
    "country": "Peru",
    "country_code": "PE",
    "region": "Lima",
    "region_code": "LIM",
    "city": "Lima District",
    "latitude": -12.046374,
    "longitude": -77.0427934,
    "is_eu": false,
    "postal": "15081",
    "connection": {
      "asn": 274113,
      "org": "Cogent Communications",
      "isp": "CINTELSUR PERU S.A.C.",
      "domain": "cintel.pe"
    }
  },
  {
    "proxy": "http://170.81.240.234:999",
    "tested_at": "2026-02-14T23:07:33Z",
    "ip": "170.81.241.14",
    "success": true,
    "type": "IPv4",
    "continent": "South America",
    "country": "Peru",
    "country_code": "PE",
    "region": "Lambayeque",
    "region_code": "LAM",
    "city": "Chiclayo",
    "latitude": -6.778737,
    "longitude": -79.886098,
    "is_eu": false,
    "postal": "14012",
    "connection": {
      "asn": 269803,
      "org": "INVENTA TELECOMUNICACIONES EIRL",
      "isp": "INVENTA TELECOMUNICACIONES EIRL",
      "domain": "inventa.pe"
    }
  },
  {
    "proxy": "http://38.187.22.229:8080",
    "tested_at": "2026-02-14T23:07:45Z",
    "ip": "38.187.22.229",
    "success": true,
    "type": "IPv4",
    "continent": "South America",
    "country": "Peru",
    "country_code": "PE",
    "region": "Arequipa",
    "region_code": "ARE",
    "city": "Cerro Colorado",
    "latitude": -16.3796403,
    "longitude": -71.5689523,
    "is_eu": false,
    "postal": "04014",
    "connection": {
      "asn": 271814,
      "org": "NEXTNET S.A.C",
      "isp": "NEXTNET SAC",
      "domain": "nextnet.com.pe"
    }
  }
]