[
  {
    "proxy": "http://72.10.164.178:5723",
    "tested_at": "2026-02-14T17:53:43Z",
    "ip": "200.100.199.207",
    "success": true,
    "type": "IPv4",
    "continent": "South America",
    "country": "Brazil",
    "country_code": "BR",
    "region": "State of São Paulo",
    "region_code": "SP",
    "city": "São Paulo",
    "latitude": -23.5505199,
    "longitude": -46.6333094,
    "is_eu": false,
    "postal": "01005-000",
    "connection": {
      "asn": 27699,
      "org": "TELEF NICA BRASIL S.A",
      "isp": "TELEF NICA BRASIL S.A",
      "domain": "telefonica.com.br"
    }
  },
  {
    "proxy": "http://72.10.164.178:13913",
    "tested_at": "2026-02-14T17:53:53Z",
    "ip": "186.213.144.210",
    "success": true,
    "type": "IPv4",
    "continent": "South America",
    "country": "Brazil",
    "country_code": "BR",
    "region": "State of São Paulo",
    "region_code": "SP",
    "city": "São Paulo",
    "latitude": -23.5505199,
    "longitude": -46.6333094,
    "is_eu": false,
    "postal": "01005-000",
    "connection": {
      "asn": 18881,
      "org": "TELEF NICA BRASIL S.A",
      "isp": "TELEF NICA BRASIL S.A",
      "domain": "telefonica.com.br"
    }
  },
  {
    "proxy": "http://149.40.26.240:8080",
    "tested_at": "2026-02-14T17:53:54Z",
    "ip": "149.40.26.240",
    "success": true,
    "type": "IPv4",
    "continent": "South America",
    "country": "Brazil",
    "country_code": "BR",
    "region": "Espírito Santo",
    "region_code": "ES",
    "city": "Vila Velha",
    "latitude": -20.3477821,
    "longitude": -40.2949528,
    "is_eu": false,
    "postal": "29100-231",
    "connection": {
      "asn": 28323,
      "org": "Cogent Communications",
      "isp": "AYKO TECNOLOGIA LTDA",
      "domain": "ayko.tech"
    }
  },
  {
    "proxy": "http://177.139.193.9:8080",
    "tested_at": "2026-02-14T17:54:01Z",
    "ip": "177.139.193.9",
    "success": true,
    "type": "IPv4",
    "continent": "South America",
    "country": "Brazil",
    "country_code": "BR",
    "region": "State of São Paulo",
    "region_code": "SP",
    "city": "Santos",
    "latitude": -23.9678823,
    "longitude": -46.3288865,
    "is_eu": false,
    "postal": "11060-440",
    "connection": {
      "asn": 27699,
      "org": "TELEF NICA BRASIL S.A",
      "isp": "TELEF NICA BRASIL S.A",
      "domain": "telefonica.com.br"
    }
  },
  {
    "proxy": "http://177.85.69.252:9999",
    "tested_at": "2026-02-14T17:54:02Z",
    "ip": "45.231.101.97",
    "success": true,
    "type": "IPv4",
    "continent": "South America",
    "country": "Brazil",
    "country_code": "BR",
    "region": "State of Bahia",
    "region_code": "BA",
    "city": "Vale Rio Doce Manganes - Area",
    "latitude": -12.7814899,
    "longitude": -38.4161916,
    "is_eu": false,
    "postal": "43700-000",
    "connection": {
      "asn": 267236,
      "org": "Velho Ponto Net telecom",
      "isp": "Velho Ponto Net telecom",
      "domain": "velho.net.br"
    }
  },
  {
    "proxy": "http://72.10.160.173:29201",
    "tested_at": "2026-02-14T17:54:03Z",
    "ip": "177.185.118.82",
    "success": true,
    "type": "IPv4",
    "continent": "South America",
    "country": "Brazil",
    "country_code": "BR",
    "region": "State of Minas Gerais",
    "region_code": "MG",
    "city": "Imbé de Minas",
    "latitude": -19.599373,
    "longitude": -41.9692335,
    "is_eu": false,
    "postal": "35323-000",
    "connection": {
      "asn": 52932,
      "org": "Fibron Telecom",
      "isp": "Fibron Telecom",
      "domain": "fibron.com.br"
    }
  },
  {
    "proxy": "http://72.10.164.178:12377",
    "tested_at": "2026-02-14T17:54:14Z",
    "ip": "179.51.177.161",
    "success": true,
    "type": "IPv4",
    "continent": "South America",
    "country": "Brazil",
    "country_code": "BR",
    "region": "Maranhão",
    "region_code": "MA",
    "city": "Paço do Lumiar",
    "latitude": -2.5057093,
    "longitude": -44.1603465,
    "is_eu": false,
    "postal": "65130-000",
    "connection": {
      "asn": 271175,
      "org": "ARACAGYNET LTDA",
      "isp": "ARACAGYNET LTDA",
      "domain": "netsimas.com.br"
    }
  },
  {
    "proxy": "http://186.215.87.194:30001",
    "tested_at": "2026-02-14T17:54:16Z",
    "ip": "191.58.128.13",
    "success": true,
    "type": "IPv4",
    "continent": "South America",
    "country": "Brazil",
    "country_code": "BR",
    "region": "Mato Grosso do Sul",
    "region_code": "MS",
    "city": "Campo Grande",
    "latitude": -20.4697105,
    "longitude": -54.6201211,
    "is_eu": false,
    "postal": "79002-071",
    "connection": {
      "asn": 4230,
      "org": "CLARO S.A.",
      "isp": "CLARO S.A.",
      "domain": "claro.com.br"
    }
  },
  {
    "proxy": "http://45.185.72.83:3128",
    "tested_at": "2026-02-14T17:54:20Z",
    "ip": "45.185.72.83",
    "success": true,
    "type": "IPv4",
    "continent": "South America",
    "country": "Brazil",
    "country_code": "BR",
    "region": "State of São Paulo",
    "region_code": "SP",
    "city": "Cotia",
    "latitude": -23.6026684,
    "longitude": -46.9194693,
    "is_eu": false,
    "postal": "06717-250",
    "connection": {
      "asn": 264170,
      "org": "Winet Brasil",
      "isp": "Winet Brasil",
      "domain": "winetbrasil.com.br"
    }
  },
  {
    "proxy": "http://186.235.201.10:8080",
    "tested_at": "2026-02-14T17:54:24Z",
    "ip": "186.235.201.10",
    "success": true,
    "type": "IPv4",
    "continent": "South America",
    "country": "Brazil",
    "country_code": "BR",
    "region": "State of Minas Gerais",
    "region_code": "MG",
    "city": "Teófilo Otoni",
    "latitude": -17.8600089,
    "longitude": -41.5091042,
    "is_eu": false,
    "postal": "39800-144",
    "connection": {
      "asn": 262673,
      "org": "VERO S.A",
      "isp": "VERO S.A",
      "domain": "verointernet.com.br"
    }
  },
  {
    "proxy": "http://187.86.159.54:3128",
    "tested_at": "2026-02-14T17:54:24Z",
    "ip": "187.86.159.54",
    "success": true,
    "type": "IPv4",
    "continent": "South America",
    "country": "Brazil",
    "country_code": "BR",
    "region": "State of Rio Grande do Sul",
    "region_code": "RS",
    "city": "Pelotas",
    "latitude": -31.7653989,
    "longitude": -52.3375886,
    "is_eu": false,
    "postal": "96020-010",
    "connection": {
      "asn": 53066,
      "org": "VETORIALNET INF. E SERVI OS DE INTERNET LTDA",
      "isp": "VETORIALNET INF. E SERVI OS DE INTERNET LTDA",
      "domain": "vetorialnet.com.br"
    }
  },
  {
    "proxy": "http://45.229.9.132:8403",
    "tested_at": "2026-02-14T17:54:25Z",
    "ip": "45.229.9.170",
    "success": true,
    "type": "IPv4",
    "continent": "South America",
    "country": "Brazil",
    "country_code": "BR",
    "region": "Mato Grosso",
    "region_code": "MT",
    "city": "Rondonópolis",
    "latitude": -16.4654757,
    "longitude": -54.6387229,
    "is_eu": false,
    "postal": "78750-000",
    "connection": {
      "asn": 267123,
      "org": "MEGANET TELECON LTDA",
      "isp": "MEGANET TELECON LTDA",
      "domain": "megaroo.com.br"
    }
  },
  {
    "proxy": "http://186.26.95.249:58339",
    "tested_at": "2026-02-14T17:54:25Z",
    "ip": "186.26.95.249",
    "success": true,
    "type": "IPv4",
    "continent": "South America",
    "country": "Brazil",
    "country_code": "BR",
    "region": "State of Rio de Janeiro",
    "region_code": "RJ",
    "city": "São João de Meriti",
    "latitude": -22.7907116,
    "longitude": -43.3699377,
    "is_eu": false,
    "postal": "21520-050",
    "connection": {
      "asn": 270938,
      "org": "Sat Telecom E Consultoria Em Ti LTDA",
      "isp": "Sat Telecom E Consultoria Em Ti LTDA",
      "domain": "sousat.com.br"
    }
  },
  {
    "proxy": "http://186.248.239.154:3128",
    "tested_at": "2026-02-14T17:54:26Z",
    "ip": "186.248.239.154",
    "success": true,
    "type": "IPv4",
    "continent": "South America",
    "country": "Brazil",
    "country_code": "BR",
    "region": "State of Minas Gerais",
    "region_code": "MG",
    "city": "Ibirité",
    "latitude": -20.0256695,
    "longitude": -44.0572964,
    "is_eu": false,
    "postal": "32415-268",
    "connection": {
      "asn": 23106,
      "org": "AMERICAN TOWER DO BRASIL COMUNICA O MULTIM DIA LT",
      "isp": "AMERICAN TOWER DO BRASIL COMUNICA O MULTIM DIA LT",
      "domain": "atcmultimidia.com.br"
    }
  },
  {
    "proxy": "http://191.37.4.128:8082",
    "tested_at": "2026-02-14T17:54:26Z",
    "ip": "191.37.4.160",
    "success": true,
    "type": "IPv4",
    "continent": "South America",
    "country": "Brazil",
    "country_code": "BR",
    "region": "Piauí",
    "region_code": "PI",
    "city": "Avenida Presidente Getulio Vargas",
    "latitude": -3.8938652,
    "longitude": -42.7098378,
    "is_eu": false,
    "postal": "64145-000",
    "connection": {
      "asn": 263346,
      "org": "Fonte Informatica LTDA",
      "isp": "Fonte Informatica LTDA",
      "domain": "fontetelecom.com.br"
    }
  },
  {
    "proxy": "http://186.65.106.90:2024",
    "tested_at": "2026-02-14T17:54:27Z",
    "ip": "186.65.106.90",
    "success": true,
    "type": "IPv4",
    "continent": "South America",
    "country": "Brazil",
    "country_code": "BR",
    "region": "State of Bahia",
    "region_code": "BA",
    "city": "Lauro de Freitas",
    "latitude": -12.8820575,
    "longitude": -38.3148204,
    "is_eu": false,
    "postal": "42700-000",
    "connection": {
      "asn": 266142,
      "org": "Bahiadados Telecom Ltda.",
      "isp": "Bahiadados Telecom Ltda.",
      "domain": "bahiadados.com.br"
    }
  }
]