[
  {
    "proxy": "https://134.65.238.25:3128",
    "tested_at": "2026-02-14T00:14:15Z",
    "ip": "134.65.238.25",
    "success": true,
    "type": "IPv4",
    "continent": "South America",
    "country": "Brazil",
    "country_code": "BR",
    "region": "State of Minas Gerais",
    "region_code": "MG",
    "city": "Florestal",
    "latitude": -19.8885078,
    "longitude": -44.432162,
    "is_eu": false,
    "postal": "35690-000",
    "connection": {
      "asn": 31898,
      "org": "Oracle Corporation",
      "isp": "Oracle Corporation",
      "domain": "oracle.com"
    }
  },
  {
    "proxy": "https://47.243.181.85:41804",
    "tested_at": "2026-02-14T00:14:26Z",
    "ip": "2804:d51:4fa4:1400:7985:cf5a:1558:6cb",
    "success": true,
    "type": "IPv6",
    "continent": "South America",
    "country": "Brazil",
    "country_code": "BR",
    "region": "State of Rio Grande do Sul",
    "region_code": "RS",
    "city": "Vila Cristina",
    "latitude": -29.2988746,
    "longitude": -51.1610638,
    "is_eu": false,
    "postal": "95124-000",
    "connection": {
      "asn": 8167,
      "org": "V Tal",
      "isp": "V Tal",
      "domain": "vtal.com"
    }
  },
  {
    "proxy": "https://47.243.181.85:41795",
    "tested_at": "2026-02-14T00:14:36Z",
    "ip": "2804:1ec4:81:d100:e17a:5af9:ed32:3400",
    "success": true,
    "type": "IPv6",
    "continent": "South America",
    "country": "Brazil",
    "country_code": "BR",
    "region": "State of São Paulo",
    "region_code": "SP",
    "city": "Atibaia",
    "latitude": -23.1175492,
    "longitude": -46.5567066,
    "is_eu": false,
    "postal": "12940-700",
    "connection": {
      "asn": 262278,
      "org": "RGR TELECOM LTDA",
      "isp": "CROSS CONECTION PROVEDOR DE INTERNET LTDA",
      "domain": "telecomrgr.com.br"
    }
  },
  {
    "proxy": "https://47.243.181.85:41797",
    "tested_at": "2026-02-14T00:14:45Z",
    "ip": "191.6.159.1",
    "success": true,
    "type": "IPv4",
    "continent": "South America",
    "country": "Brazil",
    "country_code": "BR",
    "region": "State of Rio Grande do Sul",
    "region_code": "RS",
    "city": "Chapada",
    "latitude": -28.0576777,
    "longitude": -53.0684395,
    "is_eu": false,
    "postal": "99530-000",
    "connection": {
      "asn": 61915,
      "org": "Sicalnet comercio De Equipamentos De Informatica L",
      "isp": "Sicalnet comercio De Equipamentos De Informatica L",
      "domain": "sicalnet.com.br"
    }
  }
]