[
  {
    "proxy": "http://72.10.164.178:9891",
    "tested_at": "2026-02-14T16:19:37Z",
    "ip": "201.189.174.37",
    "success": true,
    "type": "IPv4",
    "continent": "South America",
    "country": "Chile",
    "country_code": "CL",
    "region": "Santiago Metropolitan Region",
    "region_code": "",
    "city": "Maipú",
    "latitude": -33.5209155,
    "longitude": -70.7631335,
    "is_eu": false,
    "postal": "925 1542",
    "connection": {
      "asn": 7418,
      "org": "TELEFONICA MOVIL DE CHILE S.A.",
      "isp": "TELEF NICA CHILE S.A.",
      "domain": "telefonicamovil.cl"
    }
  },
  {
    "proxy": "http://186.67.74.52:3128",
    "tested_at": "2026-02-14T16:19:40Z",
    "ip": "186.67.74.52",
    "success": true,
    "type": "IPv4",
    "continent": "South America",
    "country": "Chile",
    "country_code": "CL",
    "region": "Santiago Metropolitan Region",
    "region_code": "",
    "city": "Santiago",
    "latitude": -33.4378305,
    "longitude": -70.6504492,
    "is_eu": false,
    "postal": "832 0202",
    "connection": {
      "asn": 27651,
      "org": "Servicio Nacional De Aduanas De Chile",
      "isp": "ENTEL CHILE S.A.",
      "domain": "entel.cl"
    }
  },
  {
    "proxy": "http://38.3.162.129:999",
    "tested_at": "2026-02-14T16:20:05Z",
    "ip": "38.3.162.130",
    "success": true,
    "type": "IPv4",
    "continent": "South America",
    "country": "Chile",
    "country_code": "CL",
    "region": "Santiago Metropolitan Region",
    "region_code": "",
    "city": "Puente Alto",
    "latitude": -33.6186082,
    "longitude": -70.5906057,
    "is_eu": false,
    "postal": "815 0000",
    "connection": {
      "asn": 274025,
      "org": "Cogent Communications",
      "isp": "SERVICIOS INTEGRALES METFY TELECOM SPA",
      "domain": "metfy.cl"
    }
  },
  {
    "proxy": "http://204.199.140.15:999",
    "tested_at": "2026-02-14T16:20:20Z",
    "ip": "204.199.140.14",
    "success": true,
    "type": "IPv4",
    "continent": "South America",
    "country": "Chile",
    "country_code": "CL",
    "region": "Santiago Metropolitan Region",
    "region_code": "",
    "city": "Santiago",
    "latitude": -33.4378305,
    "longitude": -70.6504492,
    "is_eu": false,
    "postal": "832 0202",
    "connection": {
      "asn": 273237,
      "org": "INGBELL CHILE SPA",
      "isp": "INGBELL CHILE SPA",
      "domain": "ingbell.cl"
    }
  }
]