[
  {
    "proxy": "http://190.121.239.195:999",
    "tested_at": "2026-02-14T01:48:20Z",
    "ip": "190.121.239.195",
    "success": true,
    "type": "IPv4",
    "continent": "South America",
    "country": "Venezuela",
    "country_code": "VE",
    "region": "Capital District",
    "region_code": "A",
    "city": "Caracas",
    "latitude": 10.4805937,
    "longitude": -66.9036063,
    "is_eu": false,
    "postal": "1012",
    "connection": {
      "asn": 27717,
      "org": "CABLE CEN",
      "isp": "Corporacion Digitel C.A.",
      "domain": "cablecentrolecheria.com"
    }
  },
  {
    "proxy": "http://138.59.10.112:999",
    "tested_at": "2026-02-14T01:48:29Z",
    "ip": "138.59.10.10",
    "success": true,
    "type": "IPv4",
    "continent": "South America",
    "country": "Venezuela",
    "country_code": "VE",
    "region": "Carabobo State",
    "region_code": "G",
    "city": "Valencia",
    "latitude": 10.1579312,
    "longitude": -67.9972104,
    "is_eu": false,
    "postal": "2001",
    "connection": {
      "asn": 269788,
      "org": "Fonet",
      "isp": "DISTRIBUIDORA OFIC TECH DE VENEZUELA C.A.",
      "domain": "fonet.com.ve"
    }
  },
  {
    "proxy": "http://38.121.212.98:8080",
    "tested_at": "2026-02-14T01:48:39Z",
    "ip": "38.121.212.98",
    "success": true,
    "type": "IPv4",
    "continent": "South America",
    "country": "Venezuela",
    "country_code": "VE",
    "region": "Anzoategui State",
    "region_code": "B",
    "city": "Lecheria",
    "latitude": 10.19062,
    "longitude": -64.6866092,
    "is_eu": false,
    "postal": "6016",
    "connection": {
      "asn": 266841,
      "org": "Cogent Communications",
      "isp": "GALANET SOLUTION C.A.",
      "domain": "galanet.com.ve"
    }
  },
  {
    "proxy": "http://190.153.22.149:999",
    "tested_at": "2026-02-14T01:48:39Z",
    "ip": "190.153.22.149",
    "success": true,
    "type": "IPv4",
    "continent": "South America",
    "country": "Venezuela",
    "country_code": "VE",
    "region": "Miranda State",
    "region_code": "M",
    "city": "Chacao Municipality",
    "latitude": 10.5189539,
    "longitude": -66.8498883,
    "is_eu": false,
    "postal": "1060",
    "connection": {
      "asn": 11562,
      "org": "Net Uno, C.A.",
      "isp": "Net Uno, C.A.",
      "domain": "net-uno.net"
    }
  },
  {
    "proxy": "http://190.94.212.216:999",
    "tested_at": "2026-02-14T01:48:59Z",
    "ip": "190.94.212.216",
    "success": true,
    "type": "IPv4",
    "continent": "South America",
    "country": "Venezuela",
    "country_code": "VE",
    "region": "Capital District",
    "region_code": "A",
    "city": "Caracas",
    "latitude": 10.4805937,
    "longitude": -66.9036063,
    "is_eu": false,
    "postal": "1012",
    "connection": {
      "asn": 8053,
      "org": "Ifx Networks Venezuela C.A.",
      "isp": "Ifx Networks Venezuela C.A.",
      "domain": "ifxnw.com.ve"
    }
  },
  {
    "proxy": "http://200.71.190.60:8080",
    "tested_at": "2026-02-14T01:49:01Z",
    "ip": "200.71.190.60",
    "success": true,
    "type": "IPv4",
    "continent": "South America",
    "country": "Venezuela",
    "country_code": "VE",
    "region": "Lara State",
    "region_code": "K",
    "city": "Sarare",
    "latitude": 9.7890923,
    "longitude": -69.1655698,
    "is_eu": false,
    "postal": "3015",
    "connection": {
      "asn": 6306,
      "org": "MOVISTAR EVENTO",
      "isp": "TELEFONICA VENEZOLANA, C.A.",
      "domain": "telefonica.com"
    }
  },
  {
    "proxy": "http://38.41.0.62:11201",
    "tested_at": "2026-02-14T01:49:02Z",
    "ip": "38.41.27.150",
    "success": true,
    "type": "IPv4",
    "continent": "South America",
    "country": "Venezuela",
    "country_code": "VE",
    "region": "Capital District",
    "region_code": "A",
    "city": "Caracas",
    "latitude": 10.4805937,
    "longitude": -66.9036063,
    "is_eu": false,
    "postal": "1012",
    "connection": {
      "asn": 269832,
      "org": "Mds Telecom",
      "isp": "MDS TELECOM C.A.",
      "domain": "mdstelecom.com.ve"
    }
  }
]