[
  {
    "proxy": "http://186.97.138.69:999",
    "tested_at": "2026-02-14T21:32:45Z",
    "ip": "186.97.138.69",
    "success": true,
    "type": "IPv4",
    "continent": "South America",
    "country": "Colombia",
    "country_code": "CO",
    "region": "Antioquia",
    "region_code": "ANT",
    "city": "Medellín",
    "latitude": 6.2584723,
    "longitude": -75.5807954,
    "is_eu": false,
    "postal": "050034",
    "connection": {
      "asn": 27831,
      "org": "Colombia M vil",
      "isp": "Colombia M vil",
      "domain": "tigo.com.co"
    }
  },
  {
    "proxy": "http://190.2.209.58:999",
    "tested_at": "2026-02-14T21:32:49Z",
    "ip": "38.191.204.53",
    "success": true,
    "type": "IPv4",
    "continent": "South America",
    "country": "Colombia",
    "country_code": "CO",
    "region": "Meta",
    "region_code": "MET",
    "city": "Mesetas",
    "latitude": 3.381995,
    "longitude": -74.043801,
    "is_eu": false,
    "postal": "",
    "connection": {
      "asn": 273134,
      "org": "TV MAS S.A.S",
      "isp": "HOLA TELECOMUNICACINES COLOMBIA S.A.S",
      "domain": "tvymas.co"
    }
  },
  {
    "proxy": "http://181.57.131.122:8080",
    "tested_at": "2026-02-14T21:32:50Z",
    "ip": "181.57.131.122",
    "success": true,
    "type": "IPv4",
    "continent": "South America",
    "country": "Colombia",
    "country_code": "CO",
    "region": "Bogota",
    "region_code": "DC",
    "city": "Bogotá",
    "latitude": 4.7109886,
    "longitude": -74.072092,
    "is_eu": false,
    "postal": "111221",
    "connection": {
      "asn": 14080,
      "org": "Telmex Colombia S.A.",
      "isp": "Telmex Colombia S.A.",
      "domain": "telmexla.net.co"
    }
  },
  {
    "proxy": "http://45.65.138.48:999",
    "tested_at": "2026-02-14T21:32:51Z",
    "ip": "45.65.137.218",
    "success": true,
    "type": "IPv4",
    "continent": "South America",
    "country": "Colombia",
    "country_code": "CO",
    "region": "Norte de Santander",
    "region_code": "NSA",
    "city": "Cúcuta",
    "latitude": 7.8890971,
    "longitude": -72.4966896,
    "is_eu": false,
    "postal": "540003",
    "connection": {
      "asn": 273001,
      "org": "TELECOMUNICACIONES DEL CATATUMBO S.A.S",
      "isp": "TELECOMUNICACIONES DEL CATATUMBO S.A.S",
      "domain": "intercatatumbo.com"
    }
  },
  {
    "proxy": "http://200.85.232.91:3128",
    "tested_at": "2026-02-14T21:32:51Z",
    "ip": "200.85.232.84",
    "success": true,
    "type": "IPv4",
    "continent": "South America",
    "country": "Colombia",
    "country_code": "CO",
    "region": "Bogota",
    "region_code": "DC",
    "city": "Bogotá",
    "latitude": 4.7109886,
    "longitude": -74.072092,
    "is_eu": false,
    "postal": "111221",
    "connection": {
      "asn": 14187,
      "org": "COMSAT COLOMBIA",
      "isp": "SENCINET LATAM COLOMBIA S.A.",
      "domain": "btlatam.com.co"
    }
  },
  {
    "proxy": "http://38.191.197.27:999",
    "tested_at": "2026-02-14T21:32:59Z",
    "ip": "38.191.197.30",
    "success": true,
    "type": "IPv4",
    "continent": "South America",
    "country": "Colombia",
    "country_code": "CO",
    "region": "Santander",
    "region_code": "SAN",
    "city": "Bucaramanga",
    "latitude": 7.119349,
    "longitude": -73.1227416,
    "is_eu": false,
    "postal": "680003",
    "connection": {
      "asn": 273103,
      "org": "TV MAS S.A.S",
      "isp": "TV M S S.A.S",
      "domain": "tvymas.co"
    }
  },
  {
    "proxy": "http://181.204.123.68:999",
    "tested_at": "2026-02-14T21:32:59Z",
    "ip": "181.129.158.130",
    "success": true,
    "type": "IPv4",
    "continent": "South America",
    "country": "Colombia",
    "country_code": "CO",
    "region": "Atlantico",
    "region_code": "ATL",
    "city": "Barranquilla",
    "latitude": 11.0041072,
    "longitude": -74.8069813,
    "is_eu": false,
    "postal": "080001",
    "connection": {
      "asn": 13489,
      "org": "UNE EPM TELECOMUNICACIONES S.A.",
      "isp": "UNE EPM TELECOMUNICACIONES S.A.",
      "domain": "une.com.co"
    }
  },
  {
    "proxy": "http://131.100.49.73:999",
    "tested_at": "2026-02-14T21:33:00Z",
    "ip": "38.211.78.102",
    "success": true,
    "type": "IPv4",
    "continent": "South America",
    "country": "Colombia",
    "country_code": "CO",
    "region": "Huila",
    "region_code": "HUI",
    "city": "Garzón",
    "latitude": 2.195403,
    "longitude": -75.6274679,
    "is_eu": false,
    "postal": "414020",
    "connection": {
      "asn": 270062,
      "org": "Cogent Communications",
      "isp": "FIBERNET TV SAS",
      "domain": "fibernettv.com.co"
    }
  },
  {
    "proxy": "http://190.60.52.175:999",
    "tested_at": "2026-02-14T21:33:02Z",
    "ip": "190.60.52.175",
    "success": true,
    "type": "IPv4",
    "continent": "South America",
    "country": "Colombia",
    "country_code": "CO",
    "region": "Cordoba",
    "region_code": "COR",
    "city": "Santa Cruz de Lorica",
    "latitude": 9.2376398,
    "longitude": -75.8136245,
    "is_eu": false,
    "postal": "231020",
    "connection": {
      "asn": 52468,
      "org": "UFINET COLOMBIA, S. A.",
      "isp": "UFINET PANAMA S.A.",
      "domain": "ufinet.com"
    }
  },
  {
    "proxy": "http://179.32.62.127:999",
    "tested_at": "2026-02-14T21:33:02Z",
    "ip": "179.32.62.127",
    "success": true,
    "type": "IPv4",
    "continent": "South America",
    "country": "Colombia",
    "country_code": "CO",
    "region": "Bogota",
    "region_code": "DC",
    "city": "Bogotá",
    "latitude": 4.7109886,
    "longitude": -74.072092,
    "is_eu": false,
    "postal": "111221",
    "connection": {
      "asn": 3816,
      "org": "COLOMBIA TELECOMUNICACIONES S.A. ESP BIC",
      "isp": "COLOMBIA TELECOMUNICACIONES S.A. ESP BIC",
      "domain": "telefonica.co"
    }
  },
  {
    "proxy": "http://207.230.8.70:999",
    "tested_at": "2026-02-14T21:33:09Z",
    "ip": "181.78.80.35",
    "success": true,
    "type": "IPv4",
    "continent": "South America",
    "country": "Colombia",
    "country_code": "CO",
    "region": "Santander",
    "region_code": "SAN",
    "city": "El Carmen",
    "latitude": 6.6982412,
    "longitude": -73.5111734,
    "is_eu": false,
    "postal": "76246",
    "connection": {
      "asn": 52468,
      "org": "UFINET COLOMBIA, S. A.",
      "isp": "UFINET PANAMA S.A.",
      "domain": "ufinet.com"
    }
  },
  {
    "proxy": "http://190.14.249.217:999",
    "tested_at": "2026-02-14T21:33:12Z",
    "ip": "190.14.249.174",
    "success": true,
    "type": "IPv4",
    "continent": "South America",
    "country": "Colombia",
    "country_code": "CO",
    "region": "Cesar",
    "region_code": "CES",
    "city": "San Martín",
    "latitude": 8.0021834,
    "longitude": -73.5117037,
    "is_eu": false,
    "postal": "205050",
    "connection": {
      "asn": 27951,
      "org": "G F INTERED TELECOMUNICACIONES S.A.S",
      "isp": "Media Commerce Partners S.a",
      "domain": "mc.net.co"
    }
  },
  {
    "proxy": "http://179.1.131.129:8080",
    "tested_at": "2026-02-14T21:33:12Z",
    "ip": "179.1.131.142",
    "success": true,
    "type": "IPv4",
    "continent": "South America",
    "country": "Colombia",
    "country_code": "CO",
    "region": "Bogota",
    "region_code": "DC",
    "city": "Bogotá",
    "latitude": 4.7109886,
    "longitude": -74.072092,
    "is_eu": false,
    "postal": "111221",
    "connection": {
      "asn": 18678,
      "org": "SILCOM TELECOMUNICACIONES S.A.S",
      "isp": "INTERNEXA S.A. E.S.P",
      "domain": "silcom.co"
    }
  },
  {
    "proxy": "http://181.78.74.62:999",
    "tested_at": "2026-02-14T21:33:15Z",
    "ip": "190.60.62.21",
    "success": true,
    "type": "IPv4",
    "continent": "South America",
    "country": "Colombia",
    "country_code": "CO",
    "region": "Sucre",
    "region_code": "SUC",
    "city": "San Marcos",
    "latitude": 8.662577,
    "longitude": -75.128872,
    "is_eu": false,
    "postal": "02391",
    "connection": {
      "asn": 52468,
      "org": "UFINET COLOMBIA, S. A.",
      "isp": "UFINET PANAMA S.A.",
      "domain": "ufinet.com"
    }
  },
  {
    "proxy": "http://72.10.164.178:14821",
    "tested_at": "2026-02-14T21:33:15Z",
    "ip": "186.155.18.61",
    "success": true,
    "type": "IPv4",
    "continent": "South America",
    "country": "Colombia",
    "country_code": "CO",
    "region": "Bogota",
    "region_code": "DC",
    "city": "Bogotá",
    "latitude": 4.7109886,
    "longitude": -74.072092,
    "is_eu": false,
    "postal": "111221",
    "connection": {
      "asn": 19429,
      "org": "Etb Colombia",
      "isp": "Etb Colombia",
      "domain": "etb.net.co"
    }
  },
  {
    "proxy": "http://190.242.157.215:8080",
    "tested_at": "2026-02-14T21:33:18Z",
    "ip": "45.167.124.52",
    "success": true,
    "type": "IPv4",
    "continent": "South America",
    "country": "Colombia",
    "country_code": "CO",
    "region": "Cauca",
    "region_code": "CAU",
    "city": "Popayán",
    "latitude": 2.4448143,
    "longitude": -76.6147395,
    "is_eu": false,
    "postal": "190003",
    "connection": {
      "asn": 269804,
      "org": "SEPCOM COMUNICACIONES SAS",
      "isp": "SEPCOM COMUNICACIONES SAS",
      "domain": "colombianet.tech"
    }
  },
  {
    "proxy": "http://186.96.111.214:999",
    "tested_at": "2026-02-14T21:33:19Z",
    "ip": "186.96.111.214",
    "success": true,
    "type": "IPv4",
    "continent": "South America",
    "country": "Colombia",
    "country_code": "CO",
    "region": "Meta",
    "region_code": "MET",
    "city": "Fuente de Oro",
    "latitude": 3.4605363,
    "longitude": -73.6194148,
    "is_eu": false,
    "postal": "504021",
    "connection": {
      "asn": 262186,
      "org": "TV AZTECA SUCURSAL COLOMBIA",
      "isp": "TV AZTECA SUCURSAL COLOMBIA",
      "domain": "azteca-comunicaciones.com"
    }
  },
  {
    "proxy": "http://177.93.49.202:999",
    "tested_at": "2026-02-14T21:33:20Z",
    "ip": "177.93.49.202",
    "success": true,
    "type": "IPv4",
    "continent": "South America",
    "country": "Colombia",
    "country_code": "CO",
    "region": "Meta",
    "region_code": "MET",
    "city": "Puerto Gaitán",
    "latitude": 4.312977,
    "longitude": -72.083573,
    "is_eu": false,
    "postal": "502041",
    "connection": {
      "asn": 262186,
      "org": "TV AZTECA SUCURSAL COLOMBIA",
      "isp": "TV AZTECA SUCURSAL COLOMBIA",
      "domain": "azteca-comunicaciones.com"
    }
  },
  {
    "proxy": "http://138.117.84.194:8080",
    "tested_at": "2026-02-14T21:33:24Z",
    "ip": "138.117.84.194",
    "success": true,
    "type": "IPv4",
    "continent": "South America",
    "country": "Colombia",
    "country_code": "CO",
    "region": "Huila",
    "region_code": "HUI",
    "city": "Pitalito",
    "latitude": 1.85298,
    "longitude": -76.048869,
    "is_eu": false,
    "postal": "417030",
    "connection": {
      "asn": 265688,
      "org": "SINERGY SOLUCIONES INTEGRALES",
      "isp": "SINERGY SOLUCIONES INTEGRALES",
      "domain": "sinergy.com.co"
    }
  }
]