[
  {
    "proxy": "http://115.114.77.133:9090",
    "tested_at": "2026-02-15T08:30:11Z",
    "ip": "59.145.99.194",
    "success": true,
    "type": "IPv4",
    "continent": "Asia",
    "country": "India",
    "country_code": "IN",
    "region": "Delhi",
    "region_code": "DL",
    "city": "New Delhi",
    "latitude": 28.6139391,
    "longitude": 77.2090212,
    "is_eu": false,
    "postal": "110001",
    "connection": {
      "asn": 9498,
      "org": "Vellore Institute of Technology",
      "isp": "Bharti Airtel Limited",
      "domain": "vit.ac.in"
    }
  },
  {
    "proxy": "http://103.137.218.113:83",
    "tested_at": "2026-02-15T08:30:14Z",
    "ip": "103.175.10.250",
    "success": true,
    "type": "IPv4",
    "continent": "Asia",
    "country": "India",
    "country_code": "IN",
    "region": "Bihar",
    "region_code": "BR",
    "city": "Bhagalpur",
    "latitude": 25.2414303,
    "longitude": 86.9924358,
    "is_eu": false,
    "postal": "812002",
    "connection": {
      "asn": 132972,
      "org": "BALAJI CONNECTING ZONE",
      "isp": "Nandbalaji Connecting Zone Pvt. Ltd.",
      "domain": "balajiconnectingzone.com"
    }
  },
  {
    "proxy": "http://103.26.110.209:9256",
    "tested_at": "2026-02-15T08:30:16Z",
    "ip": "103.26.110.209",
    "success": true,
    "type": "IPv4",
    "continent": "Asia",
    "country": "India",
    "country_code": "IN",
    "region": "Tamil Nadu",
    "region_code": "TN",
    "city": "Tirunelveli",
    "latitude": 8.7139126,
    "longitude": 77.7566523,
    "is_eu": false,
    "postal": "627604",
    "connection": {
      "asn": 132774,
      "org": "Niss Network Solution Private Limited",
      "isp": "Niss Internet Services Private Limited",
      "domain": "spacioushosting.com"
    }
  },
  {
    "proxy": "http://67.43.236.20:12673",
    "tested_at": "2026-02-15T08:30:35Z",
    "ip": "139.5.248.247",
    "success": true,
    "type": "IPv4",
    "continent": "Asia",
    "country": "India",
    "country_code": "IN",
    "region": "Telangana",
    "region_code": "TG",
    "city": "Hyderabad",
    "latitude": 17.488653,
    "longitude": 78.602115,
    "is_eu": false,
    "postal": "500002",
    "connection": {
      "asn": 133982,
      "org": "Jungle Studio",
      "isp": "Excitel Broadband Private Limited",
      "domain": "excitel.com"
    }
  },
  {
    "proxy": "http://72.10.160.173:23069",
    "tested_at": "2026-02-15T08:30:45Z",
    "ip": "38.254.176.170",
    "success": true,
    "type": "IPv4",
    "continent": "Asia",
    "country": "India",
    "country_code": "IN",
    "region": "Delhi",
    "region_code": "DL",
    "city": "New Delhi",
    "latitude": 28.6341299,
    "longitude": 77.0574976,
    "is_eu": false,
    "postal": "110059",
    "connection": {
      "asn": 133982,
      "org": "Cogent Communications",
      "isp": "Excitel Broadband Private Limited",
      "domain": "excitel.com"
    }
  },
  {
    "proxy": "http://103.177.235.194:82",
    "tested_at": "2026-02-15T08:30:46Z",
    "ip": "103.177.235.194",
    "success": true,
    "type": "IPv4",
    "continent": "Asia",
    "country": "India",
    "country_code": "IN",
    "region": "Karnataka",
    "region_code": "KA",
    "city": "Bengaluru",
    "latitude": 12.9715987,
    "longitude": 77.5945627,
    "is_eu": false,
    "postal": "560001",
    "connection": {
      "asn": 141329,
      "org": "COASTAL LIVE CHANNEL",
      "isp": "Udupi Fastnet Private Limited",
      "domain": "fastcablenet.com"
    }
  },
  {
    "proxy": "http://103.48.68.138:83",
    "tested_at": "2026-02-15T08:30:49Z",
    "ip": "103.48.68.138",
    "success": true,
    "type": "IPv4",
    "continent": "Asia",
    "country": "India",
    "country_code": "IN",
    "region": "Telangana",
    "region_code": "TG",
    "city": "Hyderabad",
    "latitude": 17.385044,
    "longitude": 78.486671,
    "is_eu": false,
    "postal": "500002",
    "connection": {
      "asn": 136290,
      "org": "Country Online Services Pvt LTD",
      "isp": "Country Online Services Pvt LTD",
      "domain": "countryonline.co.in"
    }
  },
  {
    "proxy": "http://160.19.41.61:80",
    "tested_at": "2026-02-15T08:30:54Z",
    "ip": "117.250.73.178",
    "success": true,
    "type": "IPv4",
    "continent": "Asia",
    "country": "India",
    "country_code": "IN",
    "region": "Delhi",
    "region_code": "DL",
    "city": "New Delhi",
    "latitude": 28.6139391,
    "longitude": 77.2090212,
    "is_eu": false,
    "postal": "110001",
    "connection": {
      "asn": 9829,
      "org": "Bihar Tourism Department Bodhgaya",
      "isp": "Bharat Sanchar Nigam LTD",
      "domain": "bsnl.co.in"
    }
  },
  {
    "proxy": "http://160.30.83.10:83",
    "tested_at": "2026-02-15T08:30:54Z",
    "ip": "160.30.83.10",
    "success": true,
    "type": "IPv4",
    "continent": "Asia",
    "country": "India",
    "country_code": "IN",
    "region": "Tamil Nadu",
    "region_code": "TN",
    "city": "Chennai",
    "latitude": 13.0826802,
    "longitude": 80.2707184,
    "is_eu": false,
    "postal": "600001",
    "connection": {
      "asn": 151749,
      "org": "VIRTEL COMMUNICATIONS PRIVATE LIMITED",
      "isp": "Virtel Communications Private Limited",
      "domain": "virtel.in"
    }
  },
  {
    "proxy": "http://43.243.174.26:83",
    "tested_at": "2026-02-15T08:30:56Z",
    "ip": "43.243.172.186",
    "success": true,
    "type": "IPv4",
    "continent": "Asia",
    "country": "India",
    "country_code": "IN",
    "region": "Maharashtra",
    "region_code": "MH",
    "city": "Pune",
    "latitude": 18.5204303,
    "longitude": 73.8567437,
    "is_eu": false,
    "postal": "411002",
    "connection": {
      "asn": 134254,
      "org": "Shah Solutions",
      "isp": "Shah Infinite Solutions Pvt. Ltd.",
      "domain": "shahsolutions.in"
    }
  },
  {
    "proxy": "http://34.14.143.185:3128",
    "tested_at": "2026-02-15T08:30:56Z",
    "ip": "34.93.150.62",
    "success": true,
    "type": "IPv4",
    "continent": "Asia",
    "country": "India",
    "country_code": "IN",
    "region": "Maharashtra",
    "region_code": "MH",
    "city": "Mumbai",
    "latitude": 19.0759837,
    "longitude": 72.8776559,
    "is_eu": false,
    "postal": "400070",
    "connection": {
      "asn": 396982,
      "org": "Google LLC",
      "isp": "Google LLC",
      "domain": "google.com"
    }
  },
  {
    "proxy": "http://103.88.239.122:84",
    "tested_at": "2026-02-15T08:30:57Z",
    "ip": "103.88.239.122",
    "success": true,
    "type": "IPv4",
    "continent": "Asia",
    "country": "India",
    "country_code": "IN",
    "region": "Telangana",
    "region_code": "TG",
    "city": "Secunderabad",
    "latitude": 17.5097564,
    "longitude": 78.5646656,
    "is_eu": false,
    "postal": "500025",
    "connection": {
      "asn": 139490,
      "org": "Aeronet",
      "isp": "Aspt Networks Pvt LTD",
      "domain": "aeronetonline.in"
    }
  },
  {
    "proxy": "http://103.48.71.34:83",
    "tested_at": "2026-02-15T08:30:57Z",
    "ip": "103.48.71.34",
    "success": true,
    "type": "IPv4",
    "continent": "Asia",
    "country": "India",
    "country_code": "IN",
    "region": "Telangana",
    "region_code": "TG",
    "city": "Hyderabad",
    "latitude": 17.385044,
    "longitude": 78.486671,
    "is_eu": false,
    "postal": "500002",
    "connection": {
      "asn": 136290,
      "org": "Country Online Services Pvt LTD",
      "isp": "Country Online Services Pvt LTD",
      "domain": "countryonline.co.in"
    }
  },
  {
    "proxy": "http://103.8.119.70:8080",
    "tested_at": "2026-02-15T08:31:00Z",
    "ip": "117.244.80.77",
    "success": true,
    "type": "IPv4",
    "continent": "Asia",
    "country": "India",
    "country_code": "IN",
    "region": "Kerala",
    "region_code": "KL",
    "city": "Kottamkara",
    "latitude": 8.9319435,
    "longitude": 76.6441591,
    "is_eu": false,
    "postal": "691001",
    "connection": {
      "asn": 9829,
      "org": "Bharat Sanchar Nigam LTD",
      "isp": "Bharat Sanchar Nigam LTD",
      "domain": "bsnl.co.in"
    }
  }
]